2026/07/22 02:07:42.657, P0, 1875 MHz, 45.63 W, 3613 MiB, 99 %
2026/07/22 02:07:47.687, P0, 2295 MHz, 47.22 W, 3613 MiB, 96 %
2026/07/22 02:07:52.723, P0, 2325 MHz, 46.93 W, 3613 MiB, 4 %
2026/07/22 02:07:57.754, P0, 1905 MHz, 41.48 W, 3613 MiB, 97 %
2026/07/22 02:08:02.791, P0, 2475 MHz, 48.34 W, 3613 MiB, 0 %
2026/07/22 02:08:07.823, P0, 2475 MHz, 41.12 W, 3613 MiB, 0 %
2026/07/22 02:08:12.851, P0, 1725 MHz, 45.36 W, 3613 MiB, 98 %
2026/07/22 02:08:17.887, P0, 1845 MHz, 51.25 W, 3613 MiB, 98 %
2026/07/22 02:08:22.917, P0, 2475 MHz, 46.32 W, 3613 MiB, 19 %
2026/07/22 02:08:27.951, P0, 2475 MHz, 42.58 W, 3613 MiB, 5 %
2026/07/22 02:08:32.986, P0, 2475 MHz, 39.85 W, 3613 MiB, 0 %
2026/07/22 02:08:38.019, P0, 2475 MHz, 44.96 W, 3613 MiB, 0 %
2026/07/22 02:08:43.054, P0, 1905 MHz, 44.91 W, 3613 MiB, 94 %
2026/07/22 02:08:48.093, P0, 1860 MHz, 46.72 W, 3613 MiB, 96 %
2026/07/22 02:08:53.124, P0, 1845 MHz, 44.12 W, 3613 MiB, 97 %
2026/07/22 02:08:58.159, P0, 1695 MHz, 52.90 W, 3613 MiB, 100 %
2026/07/22 02:09:03.196, P0, 2475 MHz, 46.57 W, 3613 MiB, 0 %
2026/07/22 02:09:08.236, P0, 2340 MHz, 41.84 W, 3613 MiB, 60 %
2026/07/22 02:09:13.476, P8, 210 MHz, 10.70 W, 3613 MiB, 96 %
2026/07/22 02:09:18.944, P8, 210 MHz, 10.57 W, 3613 MiB, 100 %
2026/07/22 02:09:24.412, P8, 210 MHz, 10.05 W, 3613 MiB, 100 %
2026/07/22 02:09:29.819, P8, 210 MHz, 6.01 W, 3613 MiB, 0 %
2026/07/22 02:09:34.970, P8, 210 MHz, 9.61 W, 3613 MiB, 100 %
2026/07/22 02:09:40.332, P8, 210 MHz, 7.76 W, 3613 MiB, 47 %
 Idle : Not Active; SW Power Cap : Active; SW Power Capping : 1118838090 us;
2026/07/22 02:09:45.652, P8, 210 MHz, 9.29 W, 3613 MiB, 100 %
2026/07/22 02:09:50.985, P8, 210 MHz, 7.74 W, 3613 MiB, 96 %
2026/07/22 02:09:56.155, P8, 210 MHz, 9.06 W, 3613 MiB, 100 %
2026/07/22 02:10:01.450, P8, 210 MHz, 8.68 W, 3613 MiB, 96 %
2026/07/22 02:10:06.608, P8, 210 MHz, 8.97 W, 3613 MiB, 100 %
2026/07/22 02:10:11.969, P8, 210 MHz, 8.84 W, 3613 MiB, 99 %
2026/07/22 02:10:17.218, P8, 210 MHz, 8.99 W, 3613 MiB, 100 %
2026/07/22 02:10:22.570, P8, 210 MHz, 8.68 W, 3613 MiB, 98 %
2026/07/22 02:10:27.823, P8, 210 MHz, 8.89 W, 3613 MiB, 100 %
2026/07/22 02:10:33.160, P8, 210 MHz, 8.53 W, 3613 MiB, 100 %
2026/07/22 02:10:38.542, P8, 210 MHz, 8.74 W, 3613 MiB, 100 %
2026/07/22 02:10:43.894, P8, 210 MHz, 8.54 W, 3613 MiB, 97 %
2026/07/22 02:10:49.258, P8, 210 MHz, 8.74 W, 3613 MiB, 100 %
2026/07/22 02:10:54.557, P8, 210 MHz, 8.54 W, 3613 MiB, 100 %
2026/07/22 02:10:59.925, P8, 210 MHz, 5.85 W, 3613 MiB, 100 %
2026/07/22 02:11:05.363, P8, 210 MHz, 8.37 W, 3613 MiB, 100 %
2026/07/22 02:11:10.762, P8, 210 MHz, 8.32 W, 3613 MiB, 100 %
2026/07/22 02:11:16.156, P8, 210 MHz, 8.49 W, 3613 MiB, 100 %
2026/07/22 02:11:21.529, P8, 210 MHz, 8.22 W, 3613 MiB, 100 %
2026/07/22 02:11:26.910, P8, 210 MHz, 8.44 W, 3613 MiB, 100 %
2026/07/22 02:11:32.203, P8, 210 MHz, 8.56 W, 3613 MiB, 100 %
2026/07/22 02:11:37.512, P8, 210 MHz, 8.36 W, 3613 MiB, 100 %
2026/07/22 02:11:42.940, P8, 210 MHz, 6.68 W, 3613 MiB, 100 %
2026/07/22 02:11:48.320, P8, 210 MHz, 8.33 W, 3613 MiB, 100 %
 Idle : Not Active; SW Power Cap : Active; SW Power Capping : 1246497966 us;
2026/07/22 02:11:53.963, P8, 210 MHz, 4.41 W, 3613 MiB, 0 %
2026/07/22 02:11:59.100, P8, 210 MHz, 4.38 W, 3613 MiB, 0 %
2026/07/22 02:12:04.242, P8, 210 MHz, 4.36 W, 3613 MiB, 0 %
2026/07/22 02:12:09.404, P8, 210 MHz, 8.37 W, 3613 MiB, 100 %
2026/07/22 02:12:14.651, P8, 210 MHz, 8.18 W, 3613 MiB, 90 %
2026/07/22 02:12:19.942, P8, 210 MHz, 4.32 W, 3613 MiB, 0 %
2026/07/22 02:12:25.076, P8, 210 MHz, 4.30 W, 3613 MiB, 0 %
2026/07/22 02:12:30.255, P8, 210 MHz, 8.28 W, 3613 MiB, 100 %
2026/07/22 02:12:35.593, P8, 210 MHz, 8.16 W, 3613 MiB, 100 %
2026/07/22 02:12:40.924, P8, 210 MHz, 8.36 W, 3613 MiB, 100 %
2026/07/22 02:12:46.254, P8, 210 MHz, 8.18 W, 3613 MiB, 100 %
2026/07/22 02:12:51.606, P8, 210 MHz, 4.31 W, 3613 MiB, 0 %
2026/07/22 02:12:56.734, P8, 210 MHz, 4.29 W, 3613 MiB, 0 %
2026/07/22 02:13:01.873, P8, 210 MHz, 4.29 W, 3613 MiB, 0 %
2026/07/22 02:13:07.011, P8, 210 MHz, 4.29 W, 3613 MiB, 0 %
2026/07/22 02:13:12.186, P8, 210 MHz, 8.09 W, 3613 MiB, 100 %
2026/07/22 02:13:17.508, P8, 210 MHz, 5.89 W, 3613 MiB, 0 %
2026/07/22 02:13:22.644, P8, 210 MHz, 4.25 W, 3613 MiB, 0 %
2026/07/22 02:13:27.786, P8, 210 MHz, 4.21 W, 3613 MiB, 0 %
2026/07/22 02:13:32.923, P8, 210 MHz, 4.21 W, 3613 MiB, 0 %
2026/07/22 02:13:38.065, P8, 210 MHz, 4.20 W, 3613 MiB, 0 %
2026/07/22 02:13:43.228, P8, 210 MHz, 8.20 W, 3613 MiB, 100 %
2026/07/22 02:13:48.549, P8, 210 MHz, 7.97 W, 3613 MiB, 98 %
2026/07/22 02:13:53.897, P8, 210 MHz, 4.21 W, 3613 MiB, 0 %
 Idle : Not Active; SW Power Cap : Active; SW Power Capping : 1372256968 us;
2026/07/22 02:13:59.176, P8, 210 MHz, 4.24 W, 3613 MiB, 0 %
2026/07/22 02:14:04.314, P8, 210 MHz, 4.23 W, 3613 MiB, 0 %
2026/07/22 02:14:09.450, P8, 210 MHz, 4.22 W, 3613 MiB, 0 %
2026/07/22 02:14:14.582, P8, 210 MHz, 4.22 W, 3613 MiB, 0 %
2026/07/22 02:14:19.718, P8, 210 MHz, 8.23 W, 3613 MiB, 100 %
2026/07/22 02:14:25.042, P8, 210 MHz, 7.90 W, 3613 MiB, 100 %
2026/07/22 02:14:30.309, P8, 210 MHz, 8.22 W, 3613 MiB, 100 %
2026/07/22 02:14:35.585, P8, 210 MHz, 8.04 W, 3613 MiB, 100 %
2026/07/22 02:14:40.925, P8, 210 MHz, 4.20 W, 3613 MiB, 0 %
2026/07/22 02:14:46.050, P8, 210 MHz, 4.17 W, 3613 MiB, 0 %
2026/07/22 02:14:51.253, P8, 210 MHz, 5.98 W, 3613 MiB, 100 %
2026/07/22 02:14:56.719, P8, 210 MHz, 7.91 W, 3613 MiB, 100 %
2026/07/22 02:15:01.975, P8, 210 MHz, 4.81 W, 4576 MiB, 35 %
2026/07/22 02:15:07.127, P8, 210 MHz, 8.12 W, 5640 MiB, 100 %
2026/07/22 02:15:12.318, P8, 210 MHz, 7.86 W, 7182 MiB, 95 %
2026/07/22 02:15:17.702, P8, 210 MHz, 4.14 W, 7192 MiB, 0 %
2026/07/22 02:15:22.843, P8, 210 MHz, 7.82 W, 7192 MiB, 100 %
2026/07/22 02:15:28.098, P8, 210 MHz, 7.83 W, 7192 MiB, 100 %
2026/07/22 02:15:33.345, P8, 210 MHz, 7.77 W, 7192 MiB, 100 %
2026/07/22 02:15:38.572, P8, 210 MHz, 7.84 W, 7192 MiB, 99 %
2026/07/22 02:15:43.835, P8, 210 MHz, 7.69 W, 7192 MiB, 100 %
2026/07/22 02:15:49.099, P8, 210 MHz, 7.80 W, 7192 MiB, 100 %
2026/07/22 02:15:54.368, P8, 210 MHz, 7.89 W, 7192 MiB, 100 %
2026/07/22 02:15:59.726, P8, 210 MHz, 7.80 W, 7192 MiB, 100 %
 Idle : Not Active; SW Power Cap : Active; SW Power Capping : 1498217162 us;
2026/07/22 02:16:05.240, P8, 210 MHz, 7.51 W, 7192 MiB, 100 %
2026/07/22 02:16:10.430, P8, 210 MHz, 7.45 W, 7192 MiB, 99 %
2026/07/22 02:16:15.644, P8, 210 MHz, 7.51 W, 7192 MiB, 100 %
2026/07/22 02:16:20.858, P8, 210 MHz, 7.38 W, 7194 MiB, 100 %
2026/07/22 02:16:26.061, P8, 210 MHz, 7.70 W, 7194 MiB, 100 %
2026/07/22 02:16:31.340, P8, 210 MHz, 7.72 W, 7194 MiB, 100 %
2026/07/22 02:16:36.616, P8, 210 MHz, 7.81 W, 7194 MiB, 100 %
2026/07/22 02:16:41.883, P8, 210 MHz, 7.77 W, 7196 MiB, 100 %
2026/07/22 02:16:47.156, P3, 2505 MHz, 20.03 W, 7196 MiB, 0 %
2026/07/22 02:16:52.215, P0, 1980 MHz, 55.10 W, 7196 MiB, 99 %
2026/07/22 02:16:57.251, P0, 1920 MHz, 54.56 W, 7196 MiB, 99 %
2026/07/22 02:17:02.283, P0, 1845 MHz, 54.73 W, 7196 MiB, 100 %
2026/07/22 02:17:07.321, P0, 1950 MHz, 47.89 W, 7196 MiB, 97 %
2026/07/22 02:17:12.355, P0, 1800 MHz, 51.97 W, 7196 MiB, 100 %
2026/07/22 02:17:17.391, P0, 2490 MHz, 46.82 W, 7196 MiB, 0 %
2026/07/22 02:17:22.425, P3, 1890 MHz, 13.23 W, 7196 MiB, 0 %
2026/07/22 02:17:27.450, P3, 2085 MHz, 14.06 W, 15 MiB, 0 %
2026/07/22 02:17:32.476, P8, 210 MHz, 5.41 W, 15 MiB, 0 %
2026/07/22 02:17:37.509, P8, 210 MHz, 5.19 W, 15 MiB, 0 %
2026/07/22 02:17:42.540, P8, 210 MHz, 5.09 W, 15 MiB, 0 %
2026/07/22 02:17:47.571, P8, 210 MHz, 5.01 W, 15 MiB, 0 %
2026/07/22 02:17:52.604, P8, 210 MHz, 4.96 W, 15 MiB, 0 %
2026/07/22 02:17:57.635, P8, 210 MHz, 4.92 W, 15 MiB, 0 %
2026/07/22 02:18:02.665, P8, 210 MHz, 4.88 W, 15 MiB, 0 %
 Idle : Active; SW Power Cap : Not Active; SW Power Capping : 1598979725 us;
